Metabolites,min_glc,max_glc,min_mets_glc,max_mets_glc,min_lacD,max_lacD,min_ac,max_ac,min_etoh,max_etoh
LC_10fthf_c,-13.8155105579643,-2.99573227355399,-13.8155105579643,-2.99573227355399,-13.8155105579643,-2.99573227355399,-13.8155105579643,-2.99573227355399,-13.8155105579643,-2.99573227355399
LC_13dpg_c,-13.8155105579643,-2.99573227355399,-10.1749900381755,-7.73204246479247,-13.8155105579643,-2.99573227355399,-13.8155105579643,-2.99573227355399,-13.8155105579643,-2.99573227355399
LC_2ddg6p_c,-13.8155105579643,-2.99573227355399,-13.8155105579643,-2.99573227355399,-13.8155105579643,-2.99573227355399,-13.8155105579643,-2.99573227355399,-13.8155105579643,-2.99573227355399
LC_2dmmq8_c,-13.8155105579643,-2.99573227355399,-13.8155105579643,-2.99573227355399,-13.8155105579643,-2.99573227355399,-13.8155105579643,-2.99573227355399,-13.8155105579643,-2.99573227355399
LC_2dmmql8_c,-13.8155105579643,-2.99573227355399,-13.8155105579643,-2.99573227355399,-13.8155105579643,-2.99573227355399,-13.8155105579643,-2.99573227355399,-13.8155105579643,-2.99573227355399
LC_2h3oppan_c,-13.8155105579643,-2.99573227355399,-13.8155105579643,-2.99573227355399,-13.8155105579643,-2.99573227355399,-13.8155105579643,-2.99573227355399,-13.8155105579643,-2.99573227355399
LC_2pg_c,-13.8155105579643,-2.99573227355399,-13.5264526922328,-4.10846099947105,-13.8155105579643,-4.48351485188083,-13.8155105579643,-4.48351484584253,-13.8155105579643,-4.48351485390554
LC_3pg_c,-13.8155105579643,-2.99573227355399,-8.05976834437736,-7.27016089762985,-13.8155105579643,-2.99573227355399,-13.8155105579643,-2.99573227355399,-13.8155105579643,-2.99573227355399
LC_4crsol_c,-13.8155105579643,-2.99573227355399,-13.8155105579643,-2.99573227355399,-13.8155105579643,-2.99573227355399,-13.8155105579643,-2.99573227355399,-13.8155105579643,-2.99573227355399
LC_5drib_c,-13.8155105579643,-2.99573227355399,-13.8155105579643,-2.99573227355399,-13.8155105579643,-2.99573227355399,-13.8155105579643,-2.99573227355399,-13.8155105579643,-2.99573227355399
LC_5mthf_c,-13.8155105579643,-2.99573227355399,-13.8155105579643,-2.99573227355399,-13.8155105579643,-2.99573227355399,-13.8155105579643,-2.99573227355399,-13.8155105579643,-2.99573227355399
LC_6pgc_c,-13.8155105579643,-2.99573227355399,-13.8155105579643,-2.99573227355399,-13.8155105579643,-2.99573227355399,-13.8155105579643,-2.99573227355399,-13.8155105579643,-2.99573227355399
LC_6pgl_c,-13.8155105579643,-2.99573227355399,-13.8155105579643,-2.99573227355399,-13.8155105579643,-2.99573227355399,-13.8155105579643,-2.99573227355399,-13.8155105579643,-2.99573227355399
LC_ac_c,-13.8155105579643,-2.99573227355399,-13.8155105579643,-2.99573227355399,-13.8155105579643,-2.99573227355399,-13.8155105579643,-2.99573227355399,-13.8155105579643,-2.99573227355399
LC_acald_c,-13.8155105579643,-2.99573227355399,-13.8155105579643,-2.99573227355399,-13.8155105579643,-2.99573227355399,-13.8155105579643,-2.99573227355399,-13.8155105579643,-2.99573227355399
LC_accoa_c,-13.8155105579643,-2.99573227355399,-13.8155105579643,-2.99573227355399,-13.8155105579643,-2.99573227355399,-13.8155105579643,-2.99573227355399,-13.8155105579643,-2.99573227355399
LC_acon-C_c,-13.8155105579643,-3.976036788429,-13.8155105579643,-3.976036788529,-13.8155105579643,-3.976036788529,-13.8155105579643,-3.97603678852899,-13.8155105579643,-3.976036788529
LC_actp_c,-13.8155105579643,-2.99573227355399,-13.8155105579643,-2.99573227355399,-13.8155105579643,-2.99573227355399,-13.8155105579643,-2.99573227355399,-13.8155105579643,-2.99573227355399
LC_adp_c,-13.8155105579643,-2.99573227355399,-8.08866281037708,-7.10987146310427,-13.8155105579643,-2.99573227355399,-13.8155105579643,-2.99573227355399,-13.8155105579643,-2.99573227355399
LC_adpglc_c,-13.8155105579643,-2.99573227355399,-11.8526028325404,-10.9097029919383,-13.8155105579643,-2.99573227355399,-13.8155105579643,-2.99573227355399,-13.8155105579643,-2.99573227355399
LC_akg_c,-13.8155105579643,-2.99573227355399,-11.1041325667694,-10.0075097357637,-13.8155105579643,-2.99573227355399,-13.8155105579643,-2.99573227355399,-13.8155105579643,-2.99573227355399
LC_ala-L_c,-13.8155105579643,-2.99573227355399,-8.91023577952584,-7.81361294852013,-13.8155105579643,-2.99573227355399,-13.8155105579643,-2.99573227355399,-13.8155105579643,-2.99573227355399
LC_amet_c,-13.8155105579643,-2.99573227355399,-9.7145214530235,-8.51919519408691,-13.8155105579643,-2.99573227355399,-13.8155105579643,-2.99573227355399,-13.8155105579643,-2.99573227355399
LC_amob_c,-13.8155105579643,-2.99573227355399,-13.8155105579643,-2.99573227355399,-13.8155105579643,-2.99573227355399,-13.8155105579643,-2.99573227355399,-13.8155105579643,-2.99573227355399
LC_amp_c,-13.8155105579643,-2.99573227355399,-11.9309055862899,-2.99573227355399,-13.8155105579643,-2.99573227355399,-13.8155105579643,-2.99573227355399,-13.8155105579643,-2.99573227355399
LC_arg-L_c,-13.8155105579643,-2.99573227355399,-10.2487987378245,-9.45368663060791,-13.8155105579643,-2.99573227355399,-13.8155105579643,-2.99573227355399,-13.8155105579643,-2.99573227355399
LC_asn-L_c,-13.8155105579643,-2.99573227355399,-9.84333362971638,-8.67443196784273,-13.8155105579643,-2.99573227355399,-13.8155105579643,-2.99573227355399,-13.8155105579643,-2.99573227355399
LC_asp-L_c,-13.8155105579643,-2.99573227355399,-8.60602440512285,-7.65219575392963,-13.8155105579643,-2.99573227355399,-13.8155105579643,-2.99573227355399,-13.8155105579643,-2.99573227355399
LC_atp_c,-13.8155105579643,-2.99573227355399,-7.3841794760308,-6.29853333335995,-13.8155105579643,-2.99573227355399,-13.8155105579643,-2.99573227355399,-13.8155105579643,-2.99573227355399
LC_bglycogen_c,-13.8155105579643,-2.99573227355399,-13.8155105579643,-2.99573227355399,-13.8155105579643,-2.99573227355399,-13.8155105579643,-2.99573227355399,-13.8155105579643,-2.99573227355399
LC_btn_c,-13.8155105579643,-2.99573227355399,-13.8155105579643,-2.99573227355399,-13.8155105579643,-2.99573227355399,-13.8155105579643,-2.99573227355399,-13.8155105579643,-2.99573227355399
LC_chor_c,-13.8155105579643,-2.99573227355399,-13.8155105579643,-2.99573227355399,-13.8155105579643,-2.99573227355399,-13.8155105579643,-2.99573227355399,-13.8155105579643,-2.99573227355399
LC_cit_c,-12.8352060429893,-2.99573227355399,-12.8352060429893,-2.99573227355399,-12.8352060429893,-2.99573227355399,-12.8352060429893,-2.99573227355399,-12.8352060429893,-2.99573227355399
LC_co2_c,-13.8155105579643,-2.99573227355399,-13.8155105579643,-2.99573227355399,-13.8155105579643,-2.99573227355399,-13.8155105579643,-2.99573227355399,-13.8155105579643,-2.99573227355399
LC_coa_c,-13.8155105579643,-2.99573227355399,-13.8155105579643,-7.73061285615257,-13.8155105579643,-2.99573227355399,-13.8155105579643,-2.99573227355399,-13.8155105579643,-2.99573227355399
LC_colipa_c,-13.8155105579643,-2.99573227355399,-13.8155105579643,-2.99573227355399,-13.8155105579643,-2.99573227355399,-13.8155105579643,-2.99573227355399,-13.8155105579643,-2.99573227355399
LC_ctp_c,-13.8155105579643,-2.99573227355399,-8.85968350036301,-7.88592141457438,-13.8155105579643,-2.99573227355399,-13.8155105579643,-2.99573227355399,-13.8155105579643,-2.99573227355399
LC_cys-L_c,-13.8155105579643,-2.99573227355399,-13.8155105579643,-2.99573227355399,-13.8155105579643,-2.99573227355399,-13.8155105579643,-2.99573227355399,-13.8155105579643,-2.99573227355399
LC_datp_c,-13.8155105579643,-2.99573227355399,-11.3389721578468,-9.58576135873597,-13.8155105579643,-2.99573227355399,-13.8155105579643,-2.99573227355399,-13.8155105579643,-2.99573227355399
LC_db4p_c,-13.8155105579643,-2.99573227355399,-13.8155105579643,-2.99573227355399,-13.8155105579643,-2.99573227355399,-13.8155105579643,-2.99573227355399,-13.8155105579643,-2.99573227355399
LC_dctp_c,-13.8155105579643,-2.99573227355399,-11.2428983277572,-10.1858504635103,-13.8155105579643,-2.99573227355399,-13.8155105579643,-2.99573227355399,-13.8155105579643,-2.99573227355399
LC_dgtp_c,-13.8155105579643,-2.99573227355399,-13.8155105579643,-2.99573227355399,-13.8155105579643,-2.99573227355399,-13.8155105579643,-2.99573227355399,-13.8155105579643,-2.99573227355399
LC_dha_c,-13.8155105579643,-2.99573227355399,-13.8155105579643,-2.99573227355399,-13.8155105579643,-2.99573227355399,-13.8155105579643,-2.99573227355399,-13.8155105579643,-2.99573227355399
LC_dhap_c,-11.8575087712175,-2.99573227355399,-9.67237583157274,-8.57376354290463,-13.8155105579643,-2.99573227355399,-13.8155105579643,-2.99573227355399,-13.8155105579643,-2.99573227355399
LC_dhor-S_c,-13.8155105579643,-2.99573227355399,-13.8155105579643,-2.99573227355399,-13.8155105579643,-2.99573227355399,-13.8155105579643,-2.99573227355399,-13.8155105579643,-2.99573227355399
LC_dttp_c,-13.8155105579643,-2.99573227355399,-11.2472278392526,-10.185643111004,-13.8155105579643,-2.99573227355399,-13.8155105579643,-2.99573227355399,-13.8155105579643,-2.99573227355399
LC_e4p_c,-13.8155105579643,-2.99573227355399,-13.8155105579643,-2.99573227355399,-13.8155105579643,-2.99573227355399,-13.8155105579643,-2.99573227355399,-13.8155105579643,-2.99573227355399
LC_etoh_c,-13.8155105579643,-2.99573227355399,-13.8155105579643,-2.99573227355399,-13.8155105579643,-2.99573227355399,-13.8155105579643,-2.99573227355399,-13.8155105579643,-2.99573227355399
LC_f6p_c,-13.8155105579643,-2.99573227355399,-10.3560442681781,-9.79015886722912,-11.9133963313806,-2.99573227355399,-11.9133963313806,-2.99573227355399,-11.9133963313806,-2.99573227355399
LC_fad_c,-13.8155105579643,-2.99573227355399,-11.2090783290252,-10.1313835036344,-13.8155105579643,-2.99573227355399,-13.8155105579643,-2.99573227355399,-13.8155105579643,-2.99573227355399
LC_fdp_c,-13.8155105579643,-2.99573227355399,-10.8999043288896,-10.3087526806416,-13.8155105579643,-2.99573227355399,-13.8155105579643,-2.99573227355399,-13.8155105579643,-2.99573227355399
LC_fe2_c,-13.8155105579643,-2.99573227355399,-13.8155105579643,-2.99573227355399,-13.8155105579643,-2.99573227355399,-13.8155105579643,-2.99573227355399,-13.8155105579643,-2.99573227355399
LC_fe3_c,-13.8155105579643,-2.99573227355399,-13.8155105579643,-2.99573227355399,-13.8155105579643,-2.99573227355399,-13.8155105579643,-2.99573227355399,-13.8155105579643,-2.99573227355399
LC_for_c,-13.8155105579643,-2.99573227355399,-13.8155105579643,-2.99573227355399,-13.8155105579643,-2.99573227355399,-13.8155105579643,-2.99573227355399,-13.8155105579643,-2.99573227355399
LC_fum_c,-13.8155105579643,-2.99573227355399,-10.2630237287559,-9.44227242932347,-13.8155105579643,-2.99573227355399,-13.8155105579643,-2.99573227355399,-13.8155105579643,-2.99573227355399
LC_g1p_c,-13.8155105579643,-2.99573227355399,-11.3389721578468,-9.06797313068926,-13.8155105579643,-2.99573227355399,-13.8155105579643,-2.99573227355399,-13.8155105579643,-2.99573227355399
LC_g3p_c,-13.8155105579643,-4.95373406038225,-12.9747129037488,-10.5317653303105,-12.8856399648255,-2.99573227355399,-12.8856399648255,-2.99573227355399,-12.8856399648255,-2.99573227355399
LC_g6p_c,-13.8155105579643,-2.99573227355399,-8.88319723064349,-8.40699439911816,-13.8155105579643,-3.8094607541466,-13.8155105579643,-3.8094607541466,-13.8155105579643,-3.8094607541466
LC_glc-D_c,-13.8155105579643,-2.99573227355399,-13.8155105579643,-2.99573227355399,-13.8155105579643,-2.99573227355399,-13.8155105579643,-2.99573227355399,-13.8155105579643,-2.99573227355399
LC_gln-L_c,-13.8155105579643,-2.99573227355399,-8.27999806353942,-6.8788166272466,-13.8155105579643,-2.99573227355399,-13.8155105579643,-2.99573227355399,-13.8155105579643,-2.99573227355399
LC_glu-L_c,-13.8155105579643,-2.99573227355399,-6.3547584085858,-5.2581355769152,-13.8155105579643,-2.99573227355399,-13.8155105579643,-2.99573227355399,-13.8155105579643,-2.99573227355399
LC_glx_c,-13.8155105579643,-2.99573227355399,-13.8155105579643,-2.99573227355399,-13.8155105579643,-2.99573227355399,-13.8155105579643,-2.99573227355399,-13.8155105579643,-2.99573227355399
LC_gly_c,-13.8155105579643,-2.99573227355399,-9.14268172350237,-7.65641516947234,-13.8155105579643,-2.99573227355399,-13.8155105579643,-2.99573227355399,-13.8155105579643,-2.99573227355399
LC_glyc_c,-13.8155105579643,-2.99573227355399,-13.8155105579643,-2.99573227355399,-13.8155105579643,-2.99573227355399,-13.8155105579643,-2.99573227355399,-13.8155105579643,-2.99573227355399
LC_glyc-R_c,-13.8155105579643,-2.99573227355399,-13.8155105579643,-2.99573227355399,-13.8155105579643,-2.99573227355399,-13.8155105579643,-2.99573227355399,-13.8155105579643,-2.99573227355399
LC_glyc3p_c,-13.8155105579643,-2.99573227355399,-13.8155105579643,-4.28080930313098,-13.8155105579643,-2.99573227355399,-13.8155105579643,-2.99573227355399,-13.8155105579643,-2.99573227355399
LC_glyclt_c,-13.8155105579643,-2.99573227355399,-13.8155105579643,-2.99573227355399,-13.8155105579643,-2.99573227355399,-13.8155105579643,-2.99573227355399,-13.8155105579643,-2.99573227355399
LC_glycogen_c,-13.8155105579643,-2.99573227355399,-13.8155105579643,-2.99573227355399,-13.8155105579643,-2.99573227355399,-13.8155105579643,-2.99573227355399,-13.8155105579643,-2.99573227355399
LC_glycogenn1_c,-13.8155105579643,-2.99573227355399,-13.8155105579643,-2.99573227355399,-13.8155105579643,-2.99573227355399,-13.8155105579643,-2.99573227355399,-13.8155105579643,-2.99573227355399
LC_gthrd_c,-13.8155105579643,-2.99573227355399,-5.87813586180098,-4.34126864220171,-13.8155105579643,-2.99573227355399,-13.8155105579643,-2.99573227355399,-13.8155105579643,-2.99573227355399
LC_gtp_c,-13.8155105579643,-2.99573227355399,-8.0453791394751,-6.97616383692779,-13.8155105579643,-2.99573227355399,-13.8155105579643,-2.99573227355399,-13.8155105579643,-2.99573227355399
LC_h_c,-17.2693881974553,-17.2693881974553,-17.2693881974553,-17.2693881974553,-17.2693881974553,-17.2693881974553,-17.2693881974553,-17.2693881974553,-17.2693881974553,-17.2693881974553
LC_h2o_c,0,0,0,0,0,0,0,0,0,0
LC_h2o2_c,-13.8155105579643,-2.99573227355399,-13.8155105579643,-2.99573227355399,-13.8155105579643,-2.99573227355399,-13.8155105579643,-2.99573227355399,-13.8155105579643,-2.99573227355399
LC_his-L_c,-13.8155105579643,-2.99573227355399,-10.8554054620534,-8.89043315222967,-13.8155105579643,-2.99573227355399,-13.8155105579643,-2.99573227355399,-13.8155105579643,-2.99573227355399
LC_iasp_c,-13.8155105579643,-2.99573227355399,-13.8155105579643,-2.99573227355399,-13.8155105579643,-2.99573227355399,-13.8155105579643,-2.99573227355399,-13.8155105579643,-2.99573227355399
LC_icit_c,-13.8155105579643,-2.99573227355399,-13.8155105579643,-2.99573227355399,-13.8155105579643,-2.99573227355399,-13.8155105579643,-2.99573227355399,-13.8155105579643,-2.99573227355399
LC_ile-L_c,-13.8155105579643,-2.99573227355399,-11.0061078626018,-9.90749557393367,-13.8155105579643,-2.99573227355399,-13.8155105579643,-2.99573227355399,-13.8155105579643,-2.99573227355399
LC_lac-D_c,-13.8155105579643,-2.99573227355399,-13.8155105579643,-2.99573227355399,-13.8155105579643,-2.99573227355399,-13.8155105579643,-2.99573227355399,-13.8155105579643,-2.99573227355399
LC_leu-L_c,-13.8155105579643,-2.99573227355399,-9.1619312327685,-9.00300105220694,-13.8155105579643,-2.99573227355399,-13.8155105579643,-2.99573227355399,-13.8155105579643,-2.99573227355399
LC_lys-L_c,-13.8155105579643,-2.99573227355399,-8.28054129007724,-7.7833840291374,-13.8155105579643,-2.99573227355399,-13.8155105579643,-2.99573227355399,-13.8155105579643,-2.99573227355399
LC_mal-L_c,-13.8155105579643,-2.99573227355399,-9.94222838085256,-9.32350907008182,-13.8155105579643,-2.99573227355399,-13.8155105579643,-2.99573227355399,-13.8155105579643,-2.99573227355399
LC_malcoa_c,-13.8155105579643,-2.99573227355399,-13.8155105579643,-2.99573227355399,-13.8155105579643,-2.99573227355399,-13.8155105579643,-2.99573227355399,-13.8155105579643,-2.99573227355399
LC_met-L_c,-13.8155105579643,-2.99573227355399,-10.5974350532668,-10.1617402809639,-13.8155105579643,-2.99573227355399,-13.8155105579643,-2.99573227355399,-13.8155105579643,-2.99573227355399
LC_mlthf_c,-13.8155105579643,-2.99573227355399,-13.8155105579643,-2.99573227355399,-13.8155105579643,-2.99573227355399,-13.8155105579643,-2.99573227355399,-13.8155105579643,-2.99573227355399
LC_mql8_c,-13.8155105579643,-2.99573227355399,-13.8155105579643,-2.99573227355399,-13.8155105579643,-2.99573227355399,-13.8155105579643,-2.99573227355399,-13.8155105579643,-2.99573227355399
LC_mqn8_c,-13.8155105579643,-2.99573227355399,-13.8155105579643,-2.99573227355399,-13.8155105579643,-2.99573227355399,-13.8155105579643,-2.99573227355399,-13.8155105579643,-2.99573227355399
LC_mththf_c,-13.8155105579643,-2.99573227355399,-13.8155105579643,-2.99573227355399,-13.8155105579643,-2.99573227355399,-13.8155105579643,-2.99573227355399,-13.8155105579643,-2.99573227355399
LC_nad_c,-13.8155105579643,-2.99573227355399,-7.97778011079833,-6.81517609768904,-13.8155105579643,-2.99573227355399,-13.8155105579643,-2.99573227355399,-13.8155105579643,-2.99573227355399
LC_nadh_c,-13.8155105579643,-2.99573227355399,-13.8155105579643,-11.3725629839271,-13.8155105579643,-2.99573227355399,-13.8155105579643,-2.99573227355399,-13.8155105579643,-2.99573227355399
LC_nadp_c,-13.8155105579643,-2.99573227355399,-9.98904544089777,-8.95802644336219,-13.8155105579643,-2.99573227355399,-13.8155105579643,-2.99573227355399,-13.8155105579643,-2.99573227355399
LC_nadph_c,-13.8155105579643,-2.99573227355399,-9.41490753771746,-8.31629524904935,-13.8155105579643,-2.99573227355399,-13.8155105579643,-2.99573227355399,-13.8155105579643,-2.99573227355399
LC_nh4_c,-13.8155105579643,-2.99573227355399,-12.2802829136422,-2.99573227355399,-13.8155105579643,-2.99573227355399,-13.8155105579643,-2.99573227355399,-13.8155105579643,-2.99573227355399
LC_o2_c,-13.8155105579643,-2.99573227355399,-13.8155105579643,-2.99573227355399,-13.8155105579643,-2.99573227355399,-13.8155105579643,-2.99573227355399,-13.8155105579643,-2.99573227355399
LC_oaa_c,-13.8155105579643,-2.99573227355399,-13.8155105579643,-8.49861003249482,-13.8155105579643,-2.99573227355399,-13.8155105579643,-2.99573227355399,-13.8155105579643,-2.99573227355399
LC_orot_c,-13.8155105579643,-2.99573227355399,-13.8155105579643,-2.99573227355399,-13.8155105579643,-2.99573227355399,-13.8155105579643,-2.99573227355399,-13.8155105579643,-2.99573227355399
LC_pe160_c,-13.8155105579643,-2.99573227355399,-13.8155105579643,-2.99573227355399,-13.8155105579643,-2.99573227355399,-13.8155105579643,-2.99573227355399,-13.8155105579643,-2.99573227355399
LC_pe161_c,-13.8155105579643,-2.99573227355399,-13.8155105579643,-2.99573227355399,-13.8155105579643,-2.99573227355399,-13.8155105579643,-2.99573227355399,-13.8155105579643,-2.99573227355399
LC_pe181_c,-13.8155105579643,-2.99573227355399,-13.8155105579643,-2.99573227355399,-13.8155105579643,-2.99573227355399,-13.8155105579643,-2.99573227355399,-13.8155105579643,-2.99573227355399
LC_pep_c,-13.8155105579643,-2.99573227355399,-9.40658909728511,-8.69631985731367,-12.3277279797838,-2.99573227355399,-12.3277279857741,-2.99573227355399,-12.3277279776127,-2.99573227355399
LC_pg160_c,-13.8155105579643,-2.99573227355399,-13.8155105579643,-2.99573227355399,-13.8155105579643,-2.99573227355399,-13.8155105579643,-2.99573227355399,-13.8155105579643,-2.99573227355399
LC_pg161_c,-13.8155105579643,-2.99573227355399,-13.8155105579643,-2.99573227355399,-13.8155105579643,-2.99573227355399,-13.8155105579643,-2.99573227355399,-13.8155105579643,-2.99573227355399
LC_pg181_c,-13.8155105579643,-2.99573227355399,-13.8155105579643,-2.99573227355399,-13.8155105579643,-2.99573227355399,-13.8155105579643,-2.99573227355399,-13.8155105579643,-2.99573227355399
LC_phe-L_c,-13.8155105579643,-2.99573227355399,-9.88722058007226,-9.69193087047384,-13.8155105579643,-2.99573227355399,-13.8155105579643,-2.99573227355399,-13.8155105579643,-2.99573227355399
LC_pi_c,-13.8155105579643,-4.17363877788571,-12.2961153921243,-9.85316781874124,-13.8155105579643,-4.17363877788571,-13.8155105579643,-4.17363877788571,-13.8155105579643,-4.17363877788571
LC_ppi_c,-13.8155105579643,-2.99573227355399,-10.5711124943318,-7.04251877688538,-13.8155105579643,-2.99573227355399,-13.8155105579643,-2.99573227355399,-13.8155105579643,-2.99573227355399
LC_pro-L_c,-13.8155105579643,-2.99573227355399,-9.71950071642311,-8.96113928634268,-13.8155105579643,-2.99573227355399,-13.8155105579643,-2.99573227355399,-13.8155105579643,-2.99573227355399
LC_ptrc_c,-13.8155105579643,-2.99573227355399,-9.43837683659132,-8.82133798725785,-13.8155105579643,-2.99573227355399,-13.8155105579643,-2.99573227355399,-13.8155105579643,-2.99573227355399
LC_pydx5p_c,-13.8155105579643,-2.99573227355399,-9.01148951323102,-7.91287722456291,-13.8155105579643,-2.99573227355399,-13.8155105579643,-2.99573227355399,-13.8155105579643,-2.99573227355399
LC_pyr_c,-13.8155105579643,-2.99573227355399,-9.6566274746046,-8.94635823463317,-13.8155105579643,-2.99573227355399,-13.8155105579643,-2.99573227355399,-13.8155105579643,-2.99573227355399
LC_q8_c,-13.8155105579643,-2.99573227355399,-13.0477534200627,-2.99573227355399,-13.8155105579643,-2.99573227355399,-13.8155105579643,-2.99573227355399,-13.8155105579643,-2.99573227355399
LC_q8h2_c,-13.8155105579643,-2.99573227355399,-13.8155105579643,-3.76348941145554,-13.8155105579643,-2.99573227355399,-13.8155105579643,-2.99573227355399,-13.8155105579643,-2.99573227355399
LC_r5p_c,-13.8155105579643,-2.99573227355399,-11.8985879457822,-9.63193486201423,-13.8155105579643,-2.99573227355399,-13.8155105579643,-2.99573227355399,-13.8155105579643,-2.99573227355399
LC_ribflv_c,-13.8155105579643,-2.99573227355399,-13.8155105579643,-2.99573227355399,-13.8155105579643,-2.99573227355399,-13.8155105579643,-2.99573227355399,-13.8155105579643,-2.99573227355399
LC_ru5p-D_c,-13.8155105579643,-2.99573227355399,-9.79373668857701,-8.51619369108315,-13.8155105579643,-2.99573227355399,-13.8155105579643,-2.99573227355399,-13.8155105579643,-2.99573227355399
LC_s17bp_c,-13.8155105579643,-2.99573227355399,-13.8155105579643,-2.99573227355399,-13.8155105579643,-2.99573227355399,-13.8155105579643,-2.99573227355399,-13.8155105579643,-2.99573227355399
LC_s7p_c,-13.8155105579643,-2.99573227355399,-8.75672022198097,-8.1574230425702,-13.8155105579643,-2.99573227355399,-13.8155105579643,-2.99573227355399,-13.8155105579643,-2.99573227355399
LC_ser-L_c,-13.8155105579643,-2.99573227355399,-9.22039070782968,-7.56360667479839,-13.8155105579643,-2.99573227355399,-13.8155105579643,-2.99573227355399,-13.8155105579643,-2.99573227355399
LC_so4_c,-13.8155105579643,-3.00150459854772,-13.8155105579643,-3.00150459854772,-13.8155105579643,-3.00150459854772,-13.8155105579643,-3.00150459854772,-13.8155105579643,-3.00150459854772
LC_spmd_c,-13.8155105579643,-2.99573227355399,-12.6824968425788,-11.5838845539107,-13.8155105579643,-2.99573227355399,-13.8155105579643,-2.99573227355399,-13.8155105579643,-2.99573227355399
LC_succ_c,-13.8155105579643,-2.99573227355399,-9.69810072281118,-9.4639431307751,-13.8155105579643,-2.99573227355399,-13.8155105579643,-2.99573227355399,-13.8155105579643,-2.99573227355399
LC_succoa_c,-13.8155105579643,-2.99573227355399,-9.0806299748186,-2.99573227355399,-13.8155105579643,-2.99573227355399,-13.8155105579643,-2.99573227355399,-13.8155105579643,-2.99573227355399
LC_thf_c,-13.8155105579643,-2.99573227355399,-13.8155105579643,-2.99573227355399,-13.8155105579643,-2.99573227355399,-13.8155105579643,-2.99573227355399,-13.8155105579643,-2.99573227355399
LC_thmpp_c,-13.8155105579643,-2.99573227355399,-9.59600285278817,-6.69425810471973,-13.8155105579643,-2.99573227355399,-13.8155105579643,-2.99573227355399,-13.8155105579643,-2.99573227355399
LC_thr-L_c,-13.8155105579643,-2.99573227355399,-9.63041163247371,-8.37612775113763,-13.8155105579643,-2.99573227355399,-13.8155105579643,-2.99573227355399,-13.8155105579643,-2.99573227355399
LC_trdox_c,-13.8155105579643,-2.99573227355399,-13.8155105579643,-2.99573227355399,-13.8155105579643,-2.99573227355399,-13.8155105579643,-2.99573227355399,-13.8155105579643,-2.99573227355399
LC_trdrd_c,-13.8155105579643,-2.99573227355399,-13.8155105579643,-2.99573227355399,-13.8155105579643,-2.99573227355399,-13.8155105579643,-2.99573227355399,-13.8155105579643,-2.99573227355399
LC_trp-L_c,-13.8155105579643,-2.99573227355399,-11.6407588364801,-11.2818137440068,-13.8155105579643,-2.99573227355399,-13.8155105579643,-2.99573227355399,-13.8155105579643,-2.99573227355399
LC_tyr-L_c,-13.8155105579643,-2.99573227355399,-10.5616537642008,-10.0517555692052,-13.8155105579643,-2.99573227355399,-13.8155105579643,-2.99573227355399,-13.8155105579643,-2.99573227355399
LC_udcpdp_c,-13.8155105579643,-2.99573227355399,-9.52505111681588,-6.30180131012457,-13.8155105579643,-2.99573227355399,-13.8155105579643,-2.99573227355399,-13.8155105579643,-2.99573227355399
LC_utp_c,-13.8155105579643,-2.99573227355399,-7.99839939800107,-6.97389508148668,-13.8155105579643,-2.99573227355399,-13.8155105579643,-2.99573227355399,-13.8155105579643,-2.99573227355399
LC_val-L_c,-13.8155105579643,-2.99573227355399,-8.60003146972524,-8.4314743160137,-13.8155105579643,-2.99573227355399,-13.8155105579643,-2.99573227355399,-13.8155105579643,-2.99573227355399
LC_xu5p-D_c,-13.8155105579643,-2.99573227355399,-13.0937528303967,-5.138326972041,-13.8155105579643,-2.99573227355399,-13.8155105579643,-2.99573227355399,-13.8155105579643,-2.99573227355399
LC_5mtr_e,-18.4206807439524,-2.30258509299404,-18.4206807439524,-2.30258509299405,-18.4206807439524,-2.30258509299404,-18.4206807439524,-2.30258509299404,-18.4206807439524,-2.30258509299404
LC_ac_e,-18.4206807439524,-2.30258509299405,-15.0884762337772,-12.1035160572051,-18.4206807439524,-2.30258509299405,-17.1933772771166,-2.30258509299405,-18.4206807439524,-2.30258509299405
LC_acald_e,-18.4206807439524,-2.30258509299405,-18.4206807439524,-2.30258509299405,-18.4206807439524,-2.30258509299405,-18.4206807439524,-2.30258509299405,-18.4206807439524,-2.30258509299405
LC_acser_e,-18.4206807439524,-2.30258509299405,-18.4206807439524,-2.30258509299405,-18.4206807439524,-2.30258509299405,-18.4206807439524,-2.30258509299405,-18.4206807439524,-2.30258509299405
LC_akg_e,-18.4206807439524,-2.30258509299405,-18.4206807439524,-2.30258509299405,-18.4206807439524,-2.30258509299405,-18.4206807439524,-2.30258509299405,-18.4206807439524,-2.30258509299405
LC_ala-D_e,-18.4206807439524,-2.30258509299405,-18.4206807439524,-2.30258509299405,-18.4206807439524,-2.30258509299405,-18.4206807439524,-2.30258509299405,-18.4206807439524,-2.30258509299405
LC_ala-L_e,-18.4206807439524,-2.30258509299405,-18.4206807439524,-2.30258509299405,-18.4206807439524,-2.30258509299405,-18.4206807439524,-2.30258509299405,-18.4206807439524,-2.30258509299405
LC_alaala_e,-18.4206807439524,-2.30258509299404,-7.79206296500324,-7.26872514720375,-18.4206807439524,-2.30258509299404,-18.4206807439524,-2.30258509299404,-18.4206807439524,-2.30258509299404
LC_arg-L_e,-18.4206807439524,-2.30258509299405,-18.4206807439524,-2.30258509299405,-18.4206807439524,-2.30258509299405,-18.4206807439524,-2.30258509299405,-18.4206807439524,-2.30258509299405
LC_asn-L_e,-18.4206807439524,-2.30258509299405,-18.4206807439524,-2.30258509299405,-18.4206807439524,-2.30258509299405,-18.4206807439524,-2.30258509299405,-18.4206807439524,-2.30258509299405
LC_asp-L_e,-18.4206807439524,-2.30258509299405,-18.4206807439524,-2.30258509299405,-18.4206807439524,-2.30258509299405,-18.4206807439524,-2.30258509299405,-18.4206807439524,-2.30258509299405
LC_cit_e,-18.4206807439524,-2.30258509299405,-18.4206807439524,-2.30258509299405,-18.4206807439524,-2.30258509299405,-18.4206807439524,-2.30258509299405,-18.4206807439524,-2.30258509299405
LC_co2_e,-18.4206807439524,-2.30258509299405,-18.4206807439524,-2.30258509299405,-18.4206807439524,-2.30258509299405,-18.4206807439524,-2.30258509299405,-18.4206807439524,-2.30258509299405
LC_colipa_e,-18.4206807439524,-2.30258509299405,-18.4206807439524,-2.30258509299405,-18.4206807439524,-2.30258509299405,-18.4206807439524,-2.30258509299405,-18.4206807439524,-2.30258509299405
LC_cys-L_e,-18.4206807439524,-2.30258509299405,-18.4206807439524,-2.30258509299405,-18.4206807439524,-2.30258509299405,-18.4206807439524,-2.30258509299405,-18.4206807439524,-2.30258509299405
LC_dha_e,-18.4206807439524,-2.30258509299405,-18.4206807439524,-2.30258509299405,-18.4206807439524,-2.30258509299405,-18.4206807439524,-2.30258509299405,-18.4206807439524,-2.30258509299405
LC_etoh_e,-18.4206807439524,-2.30258509299405,-15.0194833622902,-10.5847061622308,-18.4206807439524,-2.30258509299405,-18.4206807439524,-2.30258509299405,-17.193377277035,-2.30258509299405
LC_fe2_e,-17.1933772770064,-2.30258509299405,-17.1933772770064,-2.30258509299405,-17.1933772770064,-2.30258509299405,-17.1933772770064,-2.30258509299405,-17.1933772770064,-2.30258509299405
LC_fe3_e,-17.1933772770064,-2.30258509299405,-17.1933772770064,-2.30258509299405,-17.1933772770064,-2.30258509299405,-17.1933772770064,-2.30258509299405,-17.1933772770064,-2.30258509299405
LC_for_e,-18.4206807439524,-2.30258509299405,-18.4206807439524,-2.30258509299405,-18.4206807439524,-2.30258509299405,-18.4206807439524,-2.30258509299405,-18.4206807439524,-2.30258509299405
LC_glc-D_e,-17.1933772770064,-2.30258509299405,-11.9501187848792,-11.2398495449078,-18.4206807439524,-2.30258509299405,-18.4206807439524,-2.30258509299405,-18.4206807439524,-2.30258509299405
LC_glcn_e,-18.4206807439524,-2.30258509299405,-18.4206807439524,-2.30258509299405,-18.4206807439524,-2.30258509299405,-18.4206807439524,-2.30258509299405,-18.4206807439524,-2.30258509299405
LC_glu-L_e,-18.4206807439524,-2.30258509299405,-18.4206807439524,-2.30258509299405,-18.4206807439524,-2.30258509299405,-18.4206807439524,-2.30258509299405,-18.4206807439524,-2.30258509299405
LC_gly_e,-18.4206807439524,-2.30258509299405,-18.4206807439524,-2.30258509299405,-18.4206807439524,-2.30258509299405,-18.4206807439524,-2.30258509299405,-18.4206807439524,-2.30258509299405
LC_glyc_e,-18.4206807439524,-2.30258509299405,-18.4206807439524,-2.30258509299405,-18.4206807439524,-2.30258509299405,-18.4206807439524,-2.30258509299405,-18.4206807439524,-2.30258509299405
LC_glyc-R_e,-18.4206807439524,-2.30258509299405,-18.4206807439524,-2.30258509299405,-18.4206807439524,-2.30258509299405,-18.4206807439524,-2.30258509299405,-18.4206807439524,-2.30258509299405
LC_glyclt_e,-18.4206807439524,-2.30258509299405,-18.4206807439524,-2.30258509299405,-18.4206807439524,-2.30258509299405,-18.4206807439524,-2.30258509299405,-18.4206807439524,-2.30258509299405
LC_gthrd_e,-18.4206807439524,-2.30258509299405,-18.4206807439524,-2.30258509299405,-18.4206807439524,-2.30258509299405,-18.4206807439524,-2.30258509299405,-18.4206807439524,-2.30258509299405
LC_h_e,-16.1180956509583,-16.1180956509583,-16.1180956509583,-16.1180956509583,-16.1180956509583,-16.1180956509583,-16.1180956509583,-16.1180956509583,-16.1180956509583,-16.1180956509583
LC_h2o_e,0,0,0,0,0,0,0,0,0,0
LC_his-L_e,-18.4206807439524,-2.30258509299405,-18.4206807439524,-2.30258509299405,-18.4206807439524,-2.30258509299405,-18.4206807439524,-2.30258509299405,-18.4206807439524,-2.30258509299405
LC_ile-L_e,-18.4206807439524,-2.30258509299405,-18.4206807439524,-2.30258509299405,-18.4206807439524,-2.30258509299405,-18.4206807439524,-2.30258509299405,-18.4206807439524,-2.30258509299405
LC_lac-D_e,-18.4206807439524,-2.30258509299405,-18.4206807439524,-12.9400418206104,-17.1933772770307,-2.30258509299405,-18.4206807439524,-2.30258509299405,-18.4206807439524,-2.30258509299405
LC_leu-L_e,-18.4206807439524,-2.30258509299405,-18.4206807439524,-2.30258509299405,-18.4206807439524,-2.30258509299405,-18.4206807439524,-2.30258509299405,-18.4206807439524,-2.30258509299405
LC_lys-L_e,-18.4206807439524,-2.30258509299405,-18.4206807439524,-2.30258509299405,-18.4206807439524,-2.30258509299405,-18.4206807439524,-2.30258509299405,-18.4206807439524,-2.30258509299405
LC_mal-L_e,-18.4206807439524,-2.30258509299405,-18.4206807439524,-2.30258509299405,-18.4206807439524,-2.30258509299405,-18.4206807439524,-2.30258509299405,-18.4206807439524,-2.30258509299405
LC_meoh_e,-18.4206807439524,-2.30258509299405,-18.4206807439524,-2.30258509299405,-18.4206807439524,-2.30258509299405,-18.4206807439524,-2.30258509299405,-18.4206807439524,-2.30258509299405
LC_nh4_e,-17.1933772770064,-2.30258509299405,-17.1933772770064,-2.30258509299405,-17.1933772770064,-2.30258509299405,-17.1933772770064,-2.30258509299405,-17.1933772770064,-2.30258509299405
LC_o2_e,-17.1933772770064,-2.30258509299405,-17.1933772770064,-2.30258509299405,-17.1933772770064,-2.30258509299405,-17.1933772770064,-2.30258509299405,-17.1933772770064,-2.30258509299405
LC_phe-L_e,-18.4206807439524,-2.30258509299405,-18.4206807439524,-2.30258509299405,-18.4206807439524,-2.30258509299405,-18.4206807439524,-2.30258509299405,-18.4206807439524,-2.30258509299405
LC_pi_e,-16.0154707726747,-2.30258509299405,-14.4960756068347,-2.30258509299405,-16.0154707726747,-2.30258509299405,-16.0154707726747,-2.30258509299405,-16.0154707726747,-2.30258509299405
LC_pro-L_e,-18.4206807439524,-2.30258509299405,-18.4206807439524,-2.30258509299405,-18.4206807439524,-2.30258509299405,-18.4206807439524,-2.30258509299405,-18.4206807439524,-2.30258509299405
LC_pyr_e,-18.4206807439524,-2.30258509299405,-15.0533849139659,-12.6744775534122,-18.4206807439524,-2.30258509299405,-18.4206807439524,-2.30258509299405,-18.4206807439524,-2.30258509299405
LC_ser-L_e,-18.4206807439524,-2.30258509299405,-18.4206807439524,-2.30258509299405,-18.4206807439524,-2.30258509299405,-18.4206807439524,-2.30258509299405,-18.4206807439524,-2.30258509299405
LC_so4_e,-17.1876049520127,-2.30258509299405,-17.1876049520127,-2.30258509299405,-17.1876049520127,-2.30258509299405,-17.1876049520127,-2.30258509299405,-17.1876049520127,-2.30258509299405
LC_spmd_e,-18.4206807439524,-2.30258509299405,-18.4206807439524,-2.30258509299405,-18.4206807439524,-2.30258509299405,-18.4206807439524,-2.30258509299405,-18.4206807439524,-2.30258509299405
LC_succ_e,-18.4206807439524,-2.30258509299405,-12.9696422903867,-10.7212913376956,-18.4206807439524,-2.30258509299405,-18.4206807439524,-2.30258509299405,-18.4206807439524,-2.30258509299405
LC_thr-L_e,-18.4206807439524,-2.30258509299405,-18.4206807439524,-2.30258509299405,-18.4206807439524,-2.30258509299405,-18.4206807439524,-2.30258509299405,-18.4206807439524,-2.30258509299405
LC_trp-L_e,-18.4206807439524,-2.30258509299405,-18.4206807439524,-2.30258509299405,-18.4206807439524,-2.30258509299405,-18.4206807439524,-2.30258509299405,-18.4206807439524,-2.30258509299405
LC_tyr-L_e,-18.4206807439524,-2.30258509299405,-18.4206807439524,-2.30258509299405,-18.4206807439524,-2.30258509299405,-18.4206807439524,-2.30258509299405,-18.4206807439524,-2.30258509299405
LC_val-L_e,-18.4206807439524,-2.30258509299405,-18.4206807439524,-2.30258509299405,-18.4206807439524,-2.30258509299405,-18.4206807439524,-2.30258509299405,-18.4206807439524,-2.30258509299405
LC_5mtr_p,-13.8155105579643,-2.99573227355399,-13.8155105579643,-2.99573227355399,-13.8155105579643,-2.99573227355399,-13.8155105579643,-2.99573227355399,-13.8155105579643,-2.99573227355399
LC_ac_p,-13.8155105579643,-2.99573227355399,-13.8155105579643,-2.99573227355399,-13.8155105579643,-2.99573227355399,-13.8155105579643,-2.99573227355399,-13.8155105579643,-2.99573227355399
LC_acald_p,-13.8155105579643,-2.99573227355399,-13.8155105579643,-2.99573227355399,-13.8155105579643,-2.99573227355399,-13.8155105579643,-2.99573227355399,-13.8155105579643,-2.99573227355399
LC_acser_p,-13.8155105579643,-2.99573227355399,-13.8155105579643,-2.99573227355399,-13.8155105579643,-2.99573227355399,-13.8155105579643,-2.99573227355399,-13.8155105579643,-2.99573227355399
LC_akg_p,-13.8155105579643,-2.99573227355399,-13.8155105579643,-2.99573227355399,-13.8155105579643,-2.99573227355399,-13.8155105579643,-2.99573227355399,-13.8155105579643,-2.99573227355399
LC_ala-D_p,-13.8155105579643,-2.99573227355399,-13.8155105579643,-2.99573227355399,-13.8155105579643,-2.99573227355399,-13.8155105579643,-2.99573227355399,-13.8155105579643,-2.99573227355399
LC_ala-L_p,-13.8155105579643,-2.99573227355399,-13.8155105579643,-2.99573227355399,-13.8155105579643,-2.99573227355399,-13.8155105579643,-2.99573227355399,-13.8155105579643,-2.99573227355399
LC_alaala_p,-13.8155105579643,-2.99573227355399,-11.1699330619138,-2.99573227355399,-13.8155105579643,-2.99573227355399,-13.8155105579643,-2.99573227355399,-13.8155105579643,-2.99573227355399
LC_arg-L_p,-13.8155105579643,-2.99573227355399,-13.8155105579643,-2.99573227355399,-13.8155105579643,-2.99573227355399,-13.8155105579643,-2.99573227355399,-13.8155105579643,-2.99573227355399
LC_asn-L_p,-13.8155105579643,-2.99573227355399,-13.8155105579643,-2.99573227355399,-13.8155105579643,-2.99573227355399,-13.8155105579643,-2.99573227355399,-13.8155105579643,-2.99573227355399
LC_asp-L_p,-13.8155105579643,-2.99573227355399,-13.8155105579643,-2.99573227355399,-13.8155105579643,-2.99573227355399,-13.8155105579643,-2.99573227355399,-13.8155105579643,-2.99573227355399
LC_cit_p,-13.8155105579643,-2.99573227355399,-13.8155105579643,-2.99573227355399,-13.8155105579643,-2.99573227355399,-13.8155105579643,-2.99573227355399,-13.8155105579643,-2.99573227355399
LC_clpn160_p,-13.8155105579643,-2.99573227355399,-13.8155105579643,-2.99573227355399,-13.8155105579643,-2.99573227355399,-13.8155105579643,-2.99573227355399,-13.8155105579643,-2.99573227355399
LC_clpn161_p,-13.8155105579643,-2.99573227355399,-13.8155105579643,-2.99573227355399,-13.8155105579643,-2.99573227355399,-13.8155105579643,-2.99573227355399,-13.8155105579643,-2.99573227355399
LC_clpn181_p,-13.8155105579643,-2.99573227355399,-13.8155105579643,-2.99573227355399,-13.8155105579643,-2.99573227355399,-13.8155105579643,-2.99573227355399,-13.8155105579643,-2.99573227355399
LC_co2_p,-13.8155105579643,-2.99573227355399,-13.8155105579643,-2.99573227355399,-13.8155105579643,-2.99573227355399,-13.8155105579643,-2.99573227355399,-13.8155105579643,-2.99573227355399
LC_colipa_p,-13.8155105579643,-2.99573227355399,-13.8155105579643,-2.99573227355399,-13.8155105579643,-2.99573227355399,-13.8155105579643,-2.99573227355399,-13.8155105579643,-2.99573227355399
LC_cys-L_p,-13.8155105579643,-2.99573227355399,-13.8155105579643,-2.99573227355399,-13.8155105579643,-2.99573227355399,-13.8155105579643,-2.99573227355399,-13.8155105579643,-2.99573227355399
LC_dha_p,-13.8155105579643,-2.99573227355399,-13.8155105579643,-2.99573227355399,-13.8155105579643,-2.99573227355399,-13.8155105579643,-2.99573227355399,-13.8155105579643,-2.99573227355399
LC_etoh_p,-13.8155105579643,-2.99573227355399,-13.8155105579643,-2.99573227355399,-13.8155105579643,-2.99573227355399,-13.8155105579643,-2.99573227355399,-13.8155105579643,-2.99573227355399
LC_fe2_p,-13.8155105579643,-2.99573227355399,-13.8155105579643,-2.99573227355399,-13.8155105579643,-2.99573227355399,-13.8155105579643,-2.99573227355399,-13.8155105579643,-2.99573227355399
LC_fe3_p,-13.8155105579643,-2.99573227355399,-13.8155105579643,-2.99573227355399,-13.8155105579643,-2.99573227355399,-13.8155105579643,-2.99573227355399,-13.8155105579643,-2.99573227355399
LC_for_p,-13.8155105579643,-2.99573227355399,-13.8155105579643,-2.99573227355399,-13.8155105579643,-2.99573227355399,-13.8155105579643,-2.99573227355399,-13.8155105579643,-2.99573227355399
LC_glc-D_p,-13.8155105579643,-2.99573227355399,-8.57225206662454,-7.86198282585733,-13.8155105579643,-2.99573227355399,-13.8155105579643,-2.99573227355399,-13.8155105579643,-2.99573227355399
LC_glcn_p,-13.8155105579643,-2.99573227355399,-13.8155105579643,-2.99573227355399,-13.8155105579643,-2.99573227355399,-13.8155105579643,-2.99573227355399,-13.8155105579643,-2.99573227355399
LC_glu-L_p,-13.8155105579643,-2.99573227355399,-13.8155105579643,-3.20064072671344,-13.8155105579643,-2.99573227355399,-13.8155105579643,-2.99573227355399,-13.8155105579643,-2.99573227355399
LC_gly_p,-13.8155105579643,-2.99573227355399,-13.8155105579643,-2.99573227355399,-13.8155105579643,-2.99573227355399,-13.8155105579643,-2.99573227355399,-13.8155105579643,-2.99573227355399
LC_glyc_p,-13.8155105579643,-2.99573227355399,-13.8155105579643,-2.99573227355399,-13.8155105579643,-2.99573227355399,-13.8155105579643,-2.99573227355399,-13.8155105579643,-2.99573227355399
LC_glyc-R_p,-13.8155105579643,-2.99573227355399,-13.8155105579643,-2.99573227355399,-13.8155105579643,-2.99573227355399,-13.8155105579643,-2.99573227355399,-13.8155105579643,-2.99573227355399
LC_glyclt_p,-13.8155105579643,-2.99573227355399,-13.8155105579643,-2.99573227355399,-13.8155105579643,-2.99573227355399,-13.8155105579643,-2.99573227355399,-13.8155105579643,-2.99573227355399
LC_gthrd_p,-13.8155105579643,-2.99573227355399,-13.8155105579643,-2.99573227355399,-13.8155105579643,-2.99573227355399,-13.8155105579643,-2.99573227355399,-13.8155105579643,-2.99573227355399
LC_h_p,-16.1180956509583,-16.1180956509583,-16.1180956509583,-16.1180956509583,-16.1180956509583,-16.1180956509583,-16.1180956509583,-16.1180956509583,-16.1180956509583,-16.1180956509583
LC_h2o_p,0,0,0,0,0,0,0,0,0,0
LC_his-L_p,-13.8155105579643,-2.99573227355399,-13.8155105579643,-2.99573227355399,-13.8155105579643,-2.99573227355399,-13.8155105579643,-2.99573227355399,-13.8155105579643,-2.99573227355399
LC_ile-L_p,-13.8155105579643,-2.99573227355399,-13.8155105579643,-2.99573227355399,-13.8155105579643,-2.99573227355399,-13.8155105579643,-2.99573227355399,-13.8155105579643,-2.99573227355399
LC_lac-D_p,-13.8155105579643,-2.99573227355399,-13.8155105579643,-2.99573227355399,-13.8155105579643,-2.99573227355399,-13.8155105579643,-2.99573227355399,-13.8155105579643,-2.99573227355399
LC_leu-L_p,-13.8155105579643,-2.99573227355399,-13.8155105579643,-2.99573227355399,-13.8155105579643,-2.99573227355399,-13.8155105579643,-2.99573227355399,-13.8155105579643,-2.99573227355399
LC_lys-L_p,-13.8155105579643,-2.99573227355399,-13.8155105579643,-2.99573227355399,-13.8155105579643,-2.99573227355399,-13.8155105579643,-2.99573227355399,-13.8155105579643,-2.99573227355399
LC_mal-L_p,-13.8155105579643,-2.99573227355399,-13.8155105579643,-2.99573227355399,-13.8155105579643,-2.99573227355399,-13.8155105579643,-2.99573227355399,-13.8155105579643,-2.99573227355399
LC_meoh_p,-13.8155105579643,-2.99573227355399,-13.8155105579643,-2.99573227355399,-13.8155105579643,-2.99573227355399,-13.8155105579643,-2.99573227355399,-13.8155105579643,-2.99573227355399
LC_murein3p3p_p,-13.8155105579643,-2.99573227355399,-13.8155105579643,-2.99573227355399,-13.8155105579643,-2.99573227355399,-13.8155105579643,-2.99573227355399,-13.8155105579643,-2.99573227355399
LC_murein3px4p_p,-13.8155105579643,-2.99573227355399,-13.8155105579643,-2.99573227355399,-13.8155105579643,-2.99573227355399,-13.8155105579643,-2.99573227355399,-13.8155105579643,-2.99573227355399
LC_murein4p4p_p,-13.8155105579643,-2.99573227355399,-13.8155105579643,-2.99573227355399,-13.8155105579643,-2.99573227355399,-13.8155105579643,-2.99573227355399,-13.8155105579643,-2.99573227355399
LC_murein4px4p_p,-13.8155105579643,-2.99573227355399,-13.8155105579643,-2.99573227355399,-13.8155105579643,-2.99573227355399,-13.8155105579643,-2.99573227355399,-13.8155105579643,-2.99573227355399
LC_murein4px4px4p_p,-13.8155105579643,-2.99573227355399,-13.8155105579643,-2.99573227355399,-13.8155105579643,-2.99573227355399,-13.8155105579643,-2.99573227355399,-13.8155105579643,-2.99573227355399
LC_nh4_p,-13.8155105579643,-2.99573227355399,-13.8155105579643,-2.99573227355399,-13.8155105579643,-2.99573227355399,-13.8155105579643,-2.99573227355399,-13.8155105579643,-2.99573227355399
LC_o2_p,-13.8155105579643,-2.99573227355399,-13.8155105579643,-2.99573227355399,-13.8155105579643,-2.99573227355399,-13.8155105579643,-2.99573227355399,-13.8155105579643,-2.99573227355399
LC_pe160_p,-13.8155105579643,-2.99573227355399,-13.8155105579643,-2.99573227355399,-13.8155105579643,-2.99573227355399,-13.8155105579643,-2.99573227355399,-13.8155105579643,-2.99573227355399
LC_pe161_p,-13.8155105579643,-2.99573227355399,-13.8155105579643,-2.99573227355399,-13.8155105579643,-2.99573227355399,-13.8155105579643,-2.99573227355399,-13.8155105579643,-2.99573227355399
LC_pe181_p,-13.8155105579643,-2.99573227355399,-13.8155105579643,-2.99573227355399,-13.8155105579643,-2.99573227355399,-13.8155105579643,-2.99573227355399,-13.8155105579643,-2.99573227355399
LC_pg160_p,-13.8155105579643,-2.99573227355399,-13.8155105579643,-2.99573227355399,-13.8155105579643,-2.99573227355399,-13.8155105579643,-2.99573227355399,-13.8155105579643,-2.99573227355399
LC_pg161_p,-13.8155105579643,-2.99573227355399,-13.8155105579643,-2.99573227355399,-13.8155105579643,-2.99573227355399,-13.8155105579643,-2.99573227355399,-13.8155105579643,-2.99573227355399
LC_pg181_p,-13.8155105579643,-2.99573227355399,-13.8155105579643,-2.99573227355399,-13.8155105579643,-2.99573227355399,-13.8155105579643,-2.99573227355399,-13.8155105579643,-2.99573227355399
LC_phe-L_p,-13.8155105579643,-2.99573227355399,-13.8155105579643,-2.99573227355399,-13.8155105579643,-2.99573227355399,-13.8155105579643,-2.99573227355399,-13.8155105579643,-2.99573227355399
LC_pi_p,-12.6376040536325,-2.99573227355399,-11.1182088877926,-2.99573227355399,-12.6376040536326,-2.99573227355399,-12.6376040536326,-2.99573227355399,-12.6376040536326,-2.99573227355399
LC_pro-L_p,-13.8155105579643,-2.99573227355399,-13.8155105579643,-2.99573227355399,-13.8155105579643,-2.99573227355399,-13.8155105579643,-2.99573227355399,-13.8155105579643,-2.99573227355399
LC_pyr_p,-13.8155105579643,-2.99573227355399,-13.8155105579643,-2.99573227355399,-13.8155105579643,-2.99573227355399,-13.8155105579643,-2.99573227355399,-13.8155105579643,-2.99573227355399
LC_ser-L_p,-13.8155105579643,-2.99573227355399,-13.8155105579643,-2.99573227355399,-13.8155105579643,-2.99573227355399,-13.8155105579643,-2.99573227355399,-13.8155105579643,-2.99573227355399
LC_so4_p,-13.8097382329705,-2.99573227355399,-13.8097382329705,-2.99573227355399,-13.8097382329705,-2.99573227355399,-13.8097382329705,-2.99573227355399,-13.8097382329705,-2.99573227355399
LC_spmd_p,-13.8155105579643,-2.99573227355399,-13.8155105579643,-2.99573227355399,-13.8155105579643,-2.99573227355399,-13.8155105579643,-2.99573227355399,-13.8155105579643,-2.99573227355399
LC_succ_p,-13.8155105579643,-2.99573227355399,-13.8155105579643,-2.99573227355399,-13.8155105579643,-2.99573227355399,-13.8155105579643,-2.99573227355399,-13.8155105579643,-2.99573227355399
LC_thr-L_p,-13.8155105579643,-2.99573227355399,-13.8155105579643,-2.99573227355399,-13.8155105579643,-2.99573227355399,-13.8155105579643,-2.99573227355399,-13.8155105579643,-2.99573227355399
LC_trp-L_p,-13.8155105579643,-2.99573227355399,-13.8155105579643,-2.99573227355399,-13.8155105579643,-2.99573227355399,-13.8155105579643,-2.99573227355399,-13.8155105579643,-2.99573227355399
LC_tyr-L_p,-13.8155105579643,-2.99573227355399,-13.8155105579643,-2.99573227355399,-13.8155105579643,-2.99573227355399,-13.8155105579643,-2.99573227355399,-13.8155105579643,-2.99573227355399
LC_val-L_p,-13.8155105579643,-2.99573227355399,-13.8155105579643,-2.99573227355399,-13.8155105579643,-2.99573227355399,-13.8155105579643,-2.99573227355399,-13.8155105579643,-2.99573227355399
LC_ade_p,-13.8155105579643,-2.99573227355399,-13.8155105579643,-2.99573227355399,-13.8155105579643,-2.99573227355399,-13.8155105579643,-2.99573227355399,-13.8155105579643,-2.99573227355399
